Allen Sustainable Education Building,ChIJO42jLIoE9YgROG9jaBOnSLU
Baker Building,ChIJTSnsFYsE9YgRyhuMqeBD9cQ
Boggs Building,ChIJF7-EZokE9YgRS60NgPOIOqE
Bunger-Henry Building,ChIJ2zz-iYkE9YgRU8opK_vp0HY
CEISMC,ChIJ77tosWcE9YgRS52aCANgNgs
Caddell Building,ChIJVUrUa4oE9YgRGmGlcpRQRE0
Callaway Manufacturing Research Building ,ChIJ6fODj4sE9YgRn8m62ldaygU
Centennial Research Building (GTRI),ChIJd_KISIsE9YgRa_RC9NJG45g
Center for the Enhancement of Teaching & Learning (CETL),ChIJDykjv44E9YgRmEE__Kkx1vY
Centergy One,ChIJL32AVGYE9YgR1zjRm_iGJyQ
Chapin Building, OMED (Minority Educational Development),Eig2ODEgQ2hlcnJ5IFN0IE5XLCBBdGxhbnRhLCBHQSAzMDMxMywgVVNB
Cherry Emerson Building,ChIJf-gFiYoE9YgRPW0Ki7J5SiI
Clough Undergraduate Learning Commons,ChIJDykjv44E9YgRmEE__Kkx1vY
College of Business (Scheller),ChIJk_l7aWYE9YgR3UnhcGM4z_Q
College of Computing,ChIJw2XuaYoE9YgRPagA5dClSK4
College of Design (East),EiUyNDUgNHRoIFN0IE5XLCBBdGxhbnRhLCBHQSAzMDMxMywgVVNB
College of Design (West),ChIJS-NT-mEE9YgRakGNVMmbMzw
College of Liberal Arts (Ivan Allen),ChIJuwjmWY4E9YgRMZ852xxlO4A
Coon Building (Psychology),Eig2NTQgQ2hlcnJ5IFN0IE5XLCBBdGxhbnRhLCBHQSAzMDMxMywgVVNB
Couch Building (School of Music),ChIJ9SZUrI0E9YgRb4FBTPIQEiI
Crosland Tower (Library),Ei0yNDEgQm9iYnkgRG9kZCBXYXkgTlcsIEF0bGFudGEsIEdBIDMwMzEzLCBVU0E
Daniel Lab,Ei0xOTMgQm9iYnkgRG9kZCBXYXkgTlcsIEF0bGFudGEsIEdBIDMwMzEzLCBVU0E
Engineered Biosystems Building [EBB],ChIJNTogz4oE9YgRXBOlwhWGNcA
Engineering Center,ChIJ99MUA_IE9YgRxaQ6MF8Q5Gw
Engineering Science & Mechanics Building,Eig2MjAgQ2hlcnJ5IFN0IE5XLCBBdGxhbnRhLCBHQSAzMDMxMywgVVNB
Evans Administration Building (Tech Tower),ChIJI2D7kWIE9YgRhnC6EZnEY3c
Fiber Optic Network Building,ChIJBwY6i4oE9YgRYo3FyOi_yPY
Ford Environmental Science & Technology Bldg,ChIJRxZ4qYsE9YgRuXlbG3JiXlc
French Building,ChIJefszWWIE9YgRKhiuQUazArY
GTRI Research Building (North),ChIJg7h7VYsE9YgRaJdOEwavBME
Global Learning Center / Professional Education,ChIJs2avwGYE9YgR9VVgUy9CoNw
Guggenheim Aerospace Building,ChIJ11YFnWIE9YgR8BhoTvRLZ0c
Hall Building,Ei0yMTUgQm9iYnkgRG9kZCBXYXkgTlcsIEF0bGFudGEsIEdBIDMwMzEzLCBVU0E
Hinman Building (Design),ChIJNXvlD2IE9YgRFd2c9rJKgtE
Howey Physics Building,ChIJSSKuTooE9YgRBh5z7eRTtR8
ISyE Annex,ChIJsaznqY4E9YgR9I51815pEh4
Industrial & Systems Engineering (ISyE) (Groseclose Bldg),ChIJFYslqI4E9YgRqDGK19yNQUg
Instructional Center,ChIJoY_ro44E9YgRpsas27ARQT4
Klaus Advanced Computing Building,ChIJt2ko32EE9YgRI68nzDnhmpw
Knight Building (Aerospace Engineering),ChIJFSzRnGIE9YgRgDJecizbDX4
Library & Information Center (Price Gilbert Memorial Library),ChIJv_D55mIE9YgR4-MDJOVwpCo
Love Manufacturing Building (MRDC II),ChIJ295CCIwE9YgREy1KWFgV810
Manufacturing Related Disciplines Complex (MRDC),ChIJ3fB264sE9YgRQoQqugGLsLs
Marcus Nanotechnology Building,ChIJmZLH-4oE9YgRuO70eS_cUJ8
Mason Building (Civil & Environmental Engineering),ChIJWw2NM4oE9YgRPFUn8kso2_0
Molecular Science & Engineering Building,ChIJTwsWoooE9YgR2pzveRJZARc
O'Keefe Main Building (Language Institute),ChIJ0ZflwmAE9YgROcdnqCkvBUs
Office of Information Technology,ChIJJzPKAI4E9YgRa0mSP4RKmcI
Old Civil Engineering Building,ChIJk-kuP2IE9YgRvrAzpDbppD4
Paper Tricentennial Bldg. (Renewable Bioproducts Institute),ChIJ11uFLo0E9YgRPPfszEbSY2o
Petit Biotechnology Building,ChIJtccwfYoE9YgRnXJTHodAVoo
Pettit Building (Microelectronics Research Center),ChIJFavpPooE9YgRLxVIM57FmwU
Savant Building,ChIJfyAGjmIE9YgRakrPxfxS
Skiles Classroom Building,ChIJEadw2IkE9YgRs_95eiLq_yc
Smith Bldg (Social Sciences),ChIJ8UkRaWIE9YgR-R36cwjXDz4
Swann Building,ChIJ1-KblmIE9YgRTzYF2f4tV6Q
Technology Square Research Bldg,ChIJWcNN22YE9YgRixPY0mUGEz4
UA Whitaker Building,ChIJrwnIiYoE9YgRHhRFNuYOwQ8
Van Leer Bldg (Electrical & Computer Engineering),ChIJqfoxHIoE9YgReFZ8m-5WOB0
Weber Space Science & Technology Bldg I,ChIJryQrK4gE9YgRwQJuR3HtYJA